﻿Color;Scale;Measurement;Minimum;Average;Maximum;Std. Deviation
True;1;view_ticket;2.161;2.703;3.89;0.334;
True;1;Itinerary_page;2.133;2.565;3.566;0.322;
True;1;login;0.386;0.509;1.821;0.098;
True;1;Cancel_ticket;0.433;0.62;1.334;0.121;
True;1;Cancel_Danver_to_London;0.428;0.549;0.909;0.088;
True;1;flights;0.222;0.324;0.718;0.069;
True;1;Find_flight;0.243;0.311;0.674;0.039;
True;1;Home_page;0.169;0.234;0.652;0.05;
True;1;Log_out;0.153;0.207;0.593;0.032;
True;1;flights_page;0.192;0.259;0.515;0.04;
True;1;Details;0.098;0.147;0.411;0.039;
True;1;departure_details;0.098;0.135;0.267;0.02;

