<SOAP-ENV:Envelope xmlns:xsi="http://www.w3.org/2001/XMLSchema-instance" xmlns:xsd="http://www.w3.org/2001/XMLSchema" xmlns:SOAP-ENC="http://schemas.xmlsoap.org/soap/encoding/" xmlns:SOAP-ENV="http://schemas.xmlsoap.org/soap/envelope/" xmlns:clr="http://schemas.microsoft.com/soap/encoding/clr/1.0" SOAP-ENV:encodingStyle="http://schemas.xmlsoap.org/soap/encoding/">
<SOAP-ENV:Body>
<a1:TSLASupervisor id="ref-1" xmlns:a1="http://schemas.microsoft.com/clr/nsassem/SLASupervisor/Analysis.SLA">
<m_SLARulesInfos href="#ref-5"/>
<m_TrackingPeriodType>Default</m_TrackingPeriodType>
<m_TrackingPeriodValue>0</m_TrackingPeriodValue>
<m_TrackingPeriodTimeScale>NoTime</m_TrackingPeriodTimeScale>
<m_TrackingPeriodValueInSec>5</m_TrackingPeriodValueInSec>
<m_DataProvider href="#ref-6"/>
</a1:TSLASupervisor>
<a2:ArrayList id="ref-5" xmlns:a2="http://schemas.microsoft.com/clr/ns/System.Collections">
<_items href="#ref-7"/>
<_size>10</_size>
<_version>11</_version>
</a2:ArrayList>
<a5:TSLADataProvider id="ref-6" xmlns:a5="http://schemas.microsoft.com/clr/nsassem/SLADataProvider/Analysis.SLA">
</a5:TSLADataProvider>
<SOAP-ENC:Array id="ref-7" SOAP-ENC:arrayType="xsd:anyType[16]">
<item href="#ref-8"/>
<item href="#ref-9"/>
<item href="#ref-10"/>
<item href="#ref-11"/>
<item href="#ref-12"/>
<item href="#ref-13"/>
<item href="#ref-14"/>
<item href="#ref-15"/>
<item href="#ref-16"/>
<item href="#ref-17"/>
</SOAP-ENC:Array>
<a7:SLARuleInfo id="ref-8" xmlns:a7="http://schemas.microsoft.com/clr/nsassem/SLARules/Analysis.SLA">
<m_RuleDef href="#ref-18"/>
<m_RuleData xsi:null="1"/>
<m_RuleResult xsi:null="1"/>
<m_strId>transaction_response_time_percentile_Cancel_Danver_to_London</m_strId>
<m_IsValid>false</m_IsValid>
<m_PrimaryException href="#ref-19"/>
</a7:SLARuleInfo>
<a7:SLARuleInfo id="ref-9" xmlns:a7="http://schemas.microsoft.com/clr/nsassem/SLARules/Analysis.SLA">
<m_RuleDef href="#ref-20"/>
<m_RuleData xsi:null="1"/>
<m_RuleResult xsi:null="1"/>
<m_strId>transaction_response_time_percentile_Cancel_ticket</m_strId>
<m_IsValid>false</m_IsValid>
<m_PrimaryException href="#ref-21"/>
</a7:SLARuleInfo>
<a7:SLARuleInfo id="ref-10" xmlns:a7="http://schemas.microsoft.com/clr/nsassem/SLARules/Analysis.SLA">
<m_RuleDef href="#ref-22"/>
<m_RuleData href="#ref-23"/>
<m_RuleResult href="#ref-24"/>
<m_strId>transaction_response_time_percentile_Choose_your_destiny</m_strId>
<m_IsValid>true</m_IsValid>
<m_PrimaryException href="#ref-25"/>
</a7:SLARuleInfo>
<a7:SLARuleInfo id="ref-11" xmlns:a7="http://schemas.microsoft.com/clr/nsassem/SLARules/Analysis.SLA">
<m_RuleDef href="#ref-26"/>
<m_RuleData xsi:null="1"/>
<m_RuleResult xsi:null="1"/>
<m_strId>transaction_response_time_percentile_departure_details</m_strId>
<m_IsValid>false</m_IsValid>
<m_PrimaryException href="#ref-27"/>
</a7:SLARuleInfo>
<a7:SLARuleInfo id="ref-12" xmlns:a7="http://schemas.microsoft.com/clr/nsassem/SLARules/Analysis.SLA">
<m_RuleDef href="#ref-28"/>
<m_RuleData xsi:null="1"/>
<m_RuleResult xsi:null="1"/>
<m_strId>transaction_response_time_percentile_Details</m_strId>
<m_IsValid>false</m_IsValid>
<m_PrimaryException href="#ref-29"/>
</a7:SLARuleInfo>
<a7:SLARuleInfo id="ref-13" xmlns:a7="http://schemas.microsoft.com/clr/nsassem/SLARules/Analysis.SLA">
<m_RuleDef href="#ref-30"/>
<m_RuleData xsi:null="1"/>
<m_RuleResult xsi:null="1"/>
<m_strId>transaction_response_time_percentile_Find_flight</m_strId>
<m_IsValid>false</m_IsValid>
<m_PrimaryException href="#ref-31"/>
</a7:SLARuleInfo>
<a7:SLARuleInfo id="ref-14" xmlns:a7="http://schemas.microsoft.com/clr/nsassem/SLARules/Analysis.SLA">
<m_RuleDef href="#ref-32"/>
<m_RuleData xsi:null="1"/>
<m_RuleResult xsi:null="1"/>
<m_strId>transaction_response_time_percentile_flights_page</m_strId>
<m_IsValid>false</m_IsValid>
<m_PrimaryException href="#ref-33"/>
</a7:SLARuleInfo>
<a7:SLARuleInfo id="ref-15" xmlns:a7="http://schemas.microsoft.com/clr/nsassem/SLARules/Analysis.SLA">
<m_RuleDef href="#ref-34"/>
<m_RuleData xsi:null="1"/>
<m_RuleResult xsi:null="1"/>
<m_strId>transaction_response_time_percentile_Home_page</m_strId>
<m_IsValid>false</m_IsValid>
<m_PrimaryException href="#ref-35"/>
</a7:SLARuleInfo>
<a7:SLARuleInfo id="ref-16" xmlns:a7="http://schemas.microsoft.com/clr/nsassem/SLARules/Analysis.SLA">
<m_RuleDef href="#ref-36"/>
<m_RuleData xsi:null="1"/>
<m_RuleResult xsi:null="1"/>
<m_strId>transaction_response_time_percentile_Itinerary_page</m_strId>
<m_IsValid>false</m_IsValid>
<m_PrimaryException href="#ref-37"/>
</a7:SLARuleInfo>
<a7:SLARuleInfo id="ref-17" xmlns:a7="http://schemas.microsoft.com/clr/nsassem/SLARules/Analysis.SLA">
<m_RuleDef href="#ref-38"/>
<m_RuleData xsi:null="1"/>
<m_RuleResult xsi:null="1"/>
<m_strId>transaction_response_time_percentile_login</m_strId>
<m_IsValid>false</m_IsValid>
<m_PrimaryException href="#ref-39"/>
</a7:SLARuleInfo>
<a7:SLAPercentileRuleDef id="ref-18" xmlns:a7="http://schemas.microsoft.com/clr/nsassem/SLARules/Analysis.SLA">
<FSubMsrName>Cancel_Danver_to_London</FSubMsrName>
<FGoalValue>5</FGoalValue>
<FPercentage>90</FPercentage>
<m_RuleName>transaction_response_time_percentile_Cancel_Danver_to_London</m_RuleName>
<m_RuleUIName>Transaction Response Time (Percentile)</m_RuleUIName>
<m_Measurement>transaction_response_time_percentile</m_Measurement>
<m_CalcDirection>greater_than_equal</m_CalcDirection>
<SLARuleDef_x002B_m_RuleName>transaction_response_time_percentile_Cancel_Danver_to_London</SLARuleDef_x002B_m_RuleName>
<SLARuleDef_x002B_m_RuleUIName>Transaction Response Time (Percentile)</SLARuleDef_x002B_m_RuleUIName>
<SLARuleDef_x002B_m_Measurement>transaction_response_time_percentile</SLARuleDef_x002B_m_Measurement>
<SLARuleDef_x002B_m_CalcDirection>greater_than_equal</SLARuleDef_x002B_m_CalcDirection>
</a7:SLAPercentileRuleDef>
<a6:Exception id="ref-19" xmlns:a6="http://schemas.microsoft.com/clr/ns/System">
<ClassName>System.Exception</ClassName>
<Message>The required measurement data is empty. The measurement might be invalid or does not correspond with the supplied filter. Please check the required measurement and the supplied filter.</Message>
<Data xsi:null="1"/>
<InnerException xsi:null="1"/>
<HelpURL xsi:null="1"/>
<StackTraceString xsi:null="1"/>
<RemoteStackTraceString xsi:null="1"/>
<RemoteStackIndex>0</RemoteStackIndex>
<ExceptionMethod xsi:null="1"/>
<HResult>-2146233088</HResult>
<Source xsi:null="1"/>
<WatsonBuckets xsi:null="1"/>
</a6:Exception>
<a7:SLAPercentileRuleDef id="ref-20" xmlns:a7="http://schemas.microsoft.com/clr/nsassem/SLARules/Analysis.SLA">
<FSubMsrName>Cancel_ticket</FSubMsrName>
<FGoalValue>5</FGoalValue>
<FPercentage>90</FPercentage>
<m_RuleName>transaction_response_time_percentile_Cancel_ticket</m_RuleName>
<m_RuleUIName>Transaction Response Time (Percentile)</m_RuleUIName>
<m_Measurement>transaction_response_time_percentile</m_Measurement>
<m_CalcDirection>greater_than_equal</m_CalcDirection>
<SLARuleDef_x002B_m_RuleName>transaction_response_time_percentile_Cancel_ticket</SLARuleDef_x002B_m_RuleName>
<SLARuleDef_x002B_m_RuleUIName>Transaction Response Time (Percentile)</SLARuleDef_x002B_m_RuleUIName>
<SLARuleDef_x002B_m_Measurement>transaction_response_time_percentile</SLARuleDef_x002B_m_Measurement>
<SLARuleDef_x002B_m_CalcDirection>greater_than_equal</SLARuleDef_x002B_m_CalcDirection>
</a7:SLAPercentileRuleDef>
<a6:Exception id="ref-21" xmlns:a6="http://schemas.microsoft.com/clr/ns/System">
<ClassName>System.Exception</ClassName>
<Message>The required measurement data is empty. The measurement might be invalid or does not correspond with the supplied filter. Please check the required measurement and the supplied filter.</Message>
<Data xsi:null="1"/>
<InnerException xsi:null="1"/>
<HelpURL xsi:null="1"/>
<StackTraceString xsi:null="1"/>
<RemoteStackTraceString xsi:null="1"/>
<RemoteStackIndex>0</RemoteStackIndex>
<ExceptionMethod xsi:null="1"/>
<HResult>-2146233088</HResult>
<Source xsi:null="1"/>
<WatsonBuckets xsi:null="1"/>
</a6:Exception>
<a7:SLAPercentileRuleDef id="ref-22" xmlns:a7="http://schemas.microsoft.com/clr/nsassem/SLARules/Analysis.SLA">
<FSubMsrName>Choose_your_destiny</FSubMsrName>
<FGoalValue>5</FGoalValue>
<FPercentage>90</FPercentage>
<m_RuleName>transaction_response_time_percentile_Choose_your_destiny</m_RuleName>
<m_RuleUIName>Transaction Response Time (Percentile)</m_RuleUIName>
<m_Measurement>transaction_response_time_percentile</m_Measurement>
<m_CalcDirection>greater_than_equal</m_CalcDirection>
<SLARuleDef_x002B_m_RuleName>transaction_response_time_percentile_Choose_your_destiny</SLARuleDef_x002B_m_RuleName>
<SLARuleDef_x002B_m_RuleUIName>Transaction Response Time (Percentile)</SLARuleDef_x002B_m_RuleUIName>
<SLARuleDef_x002B_m_Measurement>transaction_response_time_percentile</SLARuleDef_x002B_m_Measurement>
<SLARuleDef_x002B_m_CalcDirection>greater_than_equal</SLARuleDef_x002B_m_CalcDirection>
</a7:SLAPercentileRuleDef>
<a7:SimpleRuleData id="ref-23" xmlns:a7="http://schemas.microsoft.com/clr/nsassem/SLARules/Analysis.SLA">
<m_RealValue>4.583</m_RealValue>
</a7:SimpleRuleData>
<a7:SLASimpleRuleResult id="ref-24" xmlns:a7="http://schemas.microsoft.com/clr/nsassem/SLARules/Analysis.SLA">
<m_Status>rulesStatusOK</m_Status>
<m_RealValue>4.583</m_RealValue>
<m_GoalValue>5</m_GoalValue>
</a7:SLASimpleRuleResult>
<a6:Exception id="ref-25" xmlns:a6="http://schemas.microsoft.com/clr/ns/System">
<ClassName>System.Exception</ClassName>
<Message>The required measurement data is empty. The measurement might be invalid or does not correspond with the supplied filter. Please check the required measurement and the supplied filter.</Message>
<Data xsi:null="1"/>
<InnerException xsi:null="1"/>
<HelpURL xsi:null="1"/>
<StackTraceString xsi:null="1"/>
<RemoteStackTraceString xsi:null="1"/>
<RemoteStackIndex>0</RemoteStackIndex>
<ExceptionMethod xsi:null="1"/>
<HResult>-2146233088</HResult>
<Source xsi:null="1"/>
<WatsonBuckets xsi:null="1"/>
</a6:Exception>
<a7:SLAPercentileRuleDef id="ref-26" xmlns:a7="http://schemas.microsoft.com/clr/nsassem/SLARules/Analysis.SLA">
<FSubMsrName>departure_details</FSubMsrName>
<FGoalValue>5</FGoalValue>
<FPercentage>90</FPercentage>
<m_RuleName>transaction_response_time_percentile_departure_details</m_RuleName>
<m_RuleUIName>Transaction Response Time (Percentile)</m_RuleUIName>
<m_Measurement>transaction_response_time_percentile</m_Measurement>
<m_CalcDirection>greater_than_equal</m_CalcDirection>
<SLARuleDef_x002B_m_RuleName>transaction_response_time_percentile_departure_details</SLARuleDef_x002B_m_RuleName>
<SLARuleDef_x002B_m_RuleUIName>Transaction Response Time (Percentile)</SLARuleDef_x002B_m_RuleUIName>
<SLARuleDef_x002B_m_Measurement>transaction_response_time_percentile</SLARuleDef_x002B_m_Measurement>
<SLARuleDef_x002B_m_CalcDirection>greater_than_equal</SLARuleDef_x002B_m_CalcDirection>
</a7:SLAPercentileRuleDef>
<a6:Exception id="ref-27" xmlns:a6="http://schemas.microsoft.com/clr/ns/System">
<ClassName>System.Exception</ClassName>
<Message>The required measurement data is empty. The measurement might be invalid or does not correspond with the supplied filter. Please check the required measurement and the supplied filter.</Message>
<Data xsi:null="1"/>
<InnerException xsi:null="1"/>
<HelpURL xsi:null="1"/>
<StackTraceString xsi:null="1"/>
<RemoteStackTraceString xsi:null="1"/>
<RemoteStackIndex>0</RemoteStackIndex>
<ExceptionMethod xsi:null="1"/>
<HResult>-2146233088</HResult>
<Source xsi:null="1"/>
<WatsonBuckets xsi:null="1"/>
</a6:Exception>
<a7:SLAPercentileRuleDef id="ref-28" xmlns:a7="http://schemas.microsoft.com/clr/nsassem/SLARules/Analysis.SLA">
<FSubMsrName>Details</FSubMsrName>
<FGoalValue>5</FGoalValue>
<FPercentage>90</FPercentage>
<m_RuleName>transaction_response_time_percentile_Details</m_RuleName>
<m_RuleUIName>Transaction Response Time (Percentile)</m_RuleUIName>
<m_Measurement>transaction_response_time_percentile</m_Measurement>
<m_CalcDirection>greater_than_equal</m_CalcDirection>
<SLARuleDef_x002B_m_RuleName>transaction_response_time_percentile_Details</SLARuleDef_x002B_m_RuleName>
<SLARuleDef_x002B_m_RuleUIName>Transaction Response Time (Percentile)</SLARuleDef_x002B_m_RuleUIName>
<SLARuleDef_x002B_m_Measurement>transaction_response_time_percentile</SLARuleDef_x002B_m_Measurement>
<SLARuleDef_x002B_m_CalcDirection>greater_than_equal</SLARuleDef_x002B_m_CalcDirection>
</a7:SLAPercentileRuleDef>
<a6:Exception id="ref-29" xmlns:a6="http://schemas.microsoft.com/clr/ns/System">
<ClassName>System.Exception</ClassName>
<Message>The required measurement data is empty. The measurement might be invalid or does not correspond with the supplied filter. Please check the required measurement and the supplied filter.</Message>
<Data xsi:null="1"/>
<InnerException xsi:null="1"/>
<HelpURL xsi:null="1"/>
<StackTraceString xsi:null="1"/>
<RemoteStackTraceString xsi:null="1"/>
<RemoteStackIndex>0</RemoteStackIndex>
<ExceptionMethod xsi:null="1"/>
<HResult>-2146233088</HResult>
<Source xsi:null="1"/>
<WatsonBuckets xsi:null="1"/>
</a6:Exception>
<a7:SLAPercentileRuleDef id="ref-30" xmlns:a7="http://schemas.microsoft.com/clr/nsassem/SLARules/Analysis.SLA">
<FSubMsrName>Find_flight</FSubMsrName>
<FGoalValue>5</FGoalValue>
<FPercentage>90</FPercentage>
<m_RuleName>transaction_response_time_percentile_Find_flight</m_RuleName>
<m_RuleUIName>Transaction Response Time (Percentile)</m_RuleUIName>
<m_Measurement>transaction_response_time_percentile</m_Measurement>
<m_CalcDirection>greater_than_equal</m_CalcDirection>
<SLARuleDef_x002B_m_RuleName>transaction_response_time_percentile_Find_flight</SLARuleDef_x002B_m_RuleName>
<SLARuleDef_x002B_m_RuleUIName>Transaction Response Time (Percentile)</SLARuleDef_x002B_m_RuleUIName>
<SLARuleDef_x002B_m_Measurement>transaction_response_time_percentile</SLARuleDef_x002B_m_Measurement>
<SLARuleDef_x002B_m_CalcDirection>greater_than_equal</SLARuleDef_x002B_m_CalcDirection>
</a7:SLAPercentileRuleDef>
<a6:Exception id="ref-31" xmlns:a6="http://schemas.microsoft.com/clr/ns/System">
<ClassName>System.Exception</ClassName>
<Message>The required measurement data is empty. The measurement might be invalid or does not correspond with the supplied filter. Please check the required measurement and the supplied filter.</Message>
<Data xsi:null="1"/>
<InnerException xsi:null="1"/>
<HelpURL xsi:null="1"/>
<StackTraceString xsi:null="1"/>
<RemoteStackTraceString xsi:null="1"/>
<RemoteStackIndex>0</RemoteStackIndex>
<ExceptionMethod xsi:null="1"/>
<HResult>-2146233088</HResult>
<Source xsi:null="1"/>
<WatsonBuckets xsi:null="1"/>
</a6:Exception>
<a7:SLAPercentileRuleDef id="ref-32" xmlns:a7="http://schemas.microsoft.com/clr/nsassem/SLARules/Analysis.SLA">
<FSubMsrName>flights_page</FSubMsrName>
<FGoalValue>5</FGoalValue>
<FPercentage>90</FPercentage>
<m_RuleName>transaction_response_time_percentile_flights_page</m_RuleName>
<m_RuleUIName>Transaction Response Time (Percentile)</m_RuleUIName>
<m_Measurement>transaction_response_time_percentile</m_Measurement>
<m_CalcDirection>greater_than_equal</m_CalcDirection>
<SLARuleDef_x002B_m_RuleName>transaction_response_time_percentile_flights_page</SLARuleDef_x002B_m_RuleName>
<SLARuleDef_x002B_m_RuleUIName>Transaction Response Time (Percentile)</SLARuleDef_x002B_m_RuleUIName>
<SLARuleDef_x002B_m_Measurement>transaction_response_time_percentile</SLARuleDef_x002B_m_Measurement>
<SLARuleDef_x002B_m_CalcDirection>greater_than_equal</SLARuleDef_x002B_m_CalcDirection>
</a7:SLAPercentileRuleDef>
<a6:Exception id="ref-33" xmlns:a6="http://schemas.microsoft.com/clr/ns/System">
<ClassName>System.Exception</ClassName>
<Message>The required measurement data is empty. The measurement might be invalid or does not correspond with the supplied filter. Please check the required measurement and the supplied filter.</Message>
<Data xsi:null="1"/>
<InnerException xsi:null="1"/>
<HelpURL xsi:null="1"/>
<StackTraceString xsi:null="1"/>
<RemoteStackTraceString xsi:null="1"/>
<RemoteStackIndex>0</RemoteStackIndex>
<ExceptionMethod xsi:null="1"/>
<HResult>-2146233088</HResult>
<Source xsi:null="1"/>
<WatsonBuckets xsi:null="1"/>
</a6:Exception>
<a7:SLAPercentileRuleDef id="ref-34" xmlns:a7="http://schemas.microsoft.com/clr/nsassem/SLARules/Analysis.SLA">
<FSubMsrName>Home_page</FSubMsrName>
<FGoalValue>5</FGoalValue>
<FPercentage>90</FPercentage>
<m_RuleName>transaction_response_time_percentile_Home_page</m_RuleName>
<m_RuleUIName>Transaction Response Time (Percentile)</m_RuleUIName>
<m_Measurement>transaction_response_time_percentile</m_Measurement>
<m_CalcDirection>greater_than_equal</m_CalcDirection>
<SLARuleDef_x002B_m_RuleName>transaction_response_time_percentile_Home_page</SLARuleDef_x002B_m_RuleName>
<SLARuleDef_x002B_m_RuleUIName>Transaction Response Time (Percentile)</SLARuleDef_x002B_m_RuleUIName>
<SLARuleDef_x002B_m_Measurement>transaction_response_time_percentile</SLARuleDef_x002B_m_Measurement>
<SLARuleDef_x002B_m_CalcDirection>greater_than_equal</SLARuleDef_x002B_m_CalcDirection>
</a7:SLAPercentileRuleDef>
<a6:Exception id="ref-35" xmlns:a6="http://schemas.microsoft.com/clr/ns/System">
<ClassName>System.Exception</ClassName>
<Message>The required measurement data is empty. The measurement might be invalid or does not correspond with the supplied filter. Please check the required measurement and the supplied filter.</Message>
<Data xsi:null="1"/>
<InnerException xsi:null="1"/>
<HelpURL xsi:null="1"/>
<StackTraceString xsi:null="1"/>
<RemoteStackTraceString xsi:null="1"/>
<RemoteStackIndex>0</RemoteStackIndex>
<ExceptionMethod xsi:null="1"/>
<HResult>-2146233088</HResult>
<Source xsi:null="1"/>
<WatsonBuckets xsi:null="1"/>
</a6:Exception>
<a7:SLAPercentileRuleDef id="ref-36" xmlns:a7="http://schemas.microsoft.com/clr/nsassem/SLARules/Analysis.SLA">
<FSubMsrName>Itinerary_page</FSubMsrName>
<FGoalValue>5</FGoalValue>
<FPercentage>90</FPercentage>
<m_RuleName>transaction_response_time_percentile_Itinerary_page</m_RuleName>
<m_RuleUIName>Transaction Response Time (Percentile)</m_RuleUIName>
<m_Measurement>transaction_response_time_percentile</m_Measurement>
<m_CalcDirection>greater_than_equal</m_CalcDirection>
<SLARuleDef_x002B_m_RuleName>transaction_response_time_percentile_Itinerary_page</SLARuleDef_x002B_m_RuleName>
<SLARuleDef_x002B_m_RuleUIName>Transaction Response Time (Percentile)</SLARuleDef_x002B_m_RuleUIName>
<SLARuleDef_x002B_m_Measurement>transaction_response_time_percentile</SLARuleDef_x002B_m_Measurement>
<SLARuleDef_x002B_m_CalcDirection>greater_than_equal</SLARuleDef_x002B_m_CalcDirection>
</a7:SLAPercentileRuleDef>
<a6:Exception id="ref-37" xmlns:a6="http://schemas.microsoft.com/clr/ns/System">
<ClassName>System.Exception</ClassName>
<Message>The required measurement data is empty. The measurement might be invalid or does not correspond with the supplied filter. Please check the required measurement and the supplied filter.</Message>
<Data xsi:null="1"/>
<InnerException xsi:null="1"/>
<HelpURL xsi:null="1"/>
<StackTraceString xsi:null="1"/>
<RemoteStackTraceString xsi:null="1"/>
<RemoteStackIndex>0</RemoteStackIndex>
<ExceptionMethod xsi:null="1"/>
<HResult>-2146233088</HResult>
<Source xsi:null="1"/>
<WatsonBuckets xsi:null="1"/>
</a6:Exception>
<a7:SLAPercentileRuleDef id="ref-38" xmlns:a7="http://schemas.microsoft.com/clr/nsassem/SLARules/Analysis.SLA">
<FSubMsrName>login</FSubMsrName>
<FGoalValue>5</FGoalValue>
<FPercentage>90</FPercentage>
<m_RuleName>transaction_response_time_percentile_login</m_RuleName>
<m_RuleUIName>Transaction Response Time (Percentile)</m_RuleUIName>
<m_Measurement>transaction_response_time_percentile</m_Measurement>
<m_CalcDirection>greater_than_equal</m_CalcDirection>
<SLARuleDef_x002B_m_RuleName>transaction_response_time_percentile_login</SLARuleDef_x002B_m_RuleName>
<SLARuleDef_x002B_m_RuleUIName>Transaction Response Time (Percentile)</SLARuleDef_x002B_m_RuleUIName>
<SLARuleDef_x002B_m_Measurement>transaction_response_time_percentile</SLARuleDef_x002B_m_Measurement>
<SLARuleDef_x002B_m_CalcDirection>greater_than_equal</SLARuleDef_x002B_m_CalcDirection>
</a7:SLAPercentileRuleDef>
<a6:Exception id="ref-39" xmlns:a6="http://schemas.microsoft.com/clr/ns/System">
<ClassName>System.Exception</ClassName>
<Message>The required measurement data is empty. The measurement might be invalid or does not correspond with the supplied filter. Please check the required measurement and the supplied filter.</Message>
<Data xsi:null="1"/>
<InnerException xsi:null="1"/>
<HelpURL xsi:null="1"/>
<StackTraceString xsi:null="1"/>
<RemoteStackTraceString xsi:null="1"/>
<RemoteStackIndex>0</RemoteStackIndex>
<ExceptionMethod xsi:null="1"/>
<HResult>-2146233088</HResult>
<Source xsi:null="1"/>
<WatsonBuckets xsi:null="1"/>
</a6:Exception>
</SOAP-ENV:Body>
</SOAP-ENV:Envelope>
