[
    {
        "stepId": "STEP1",
        "stepName": "Url: WebTours",
        "infFile": "t1.inf",
        "time": 1576439517173
    },
    {
        "stepId": "STEP2",
        "stepName": "Submit Data: login.pl",
        "infFile": "t2.inf",
        "time": 1576439517480
    },
    {
        "stepId": "STEP3",
        "stepName": "Url: Search Flights Button",
        "infFile": "t3.inf",
        "time": 1576439522937
    },
    {
        "stepId": "STEP4",
        "stepName": "Submit Data: reservations.pl",
        "infFile": "t4.inf",
        "time": 1576439528254
    },
    {
        "stepId": "STEP5",
        "stepName": "Submit Data: reservations.pl_2",
        "infFile": "t5.inf",
        "time": 1576439528403
    },
    {
        "stepId": "STEP6",
        "stepName": "Submit Data: reservations.pl_3",
        "infFile": "t6.inf",
        "time": 1576439533677
    },
    {
        "stepId": "STEP7",
        "stepName": "Url: Home Button",
        "infFile": "t7.inf",
        "time": 1576439539084
    },
    {
        "stepId": "STEP8",
        "stepName": "Url: SignOff Button",
        "infFile": "t8.inf",
        "time": 1576439544416
    }
]