[
    {
        "transactionName": "login",
        "rawStartTime": 1576439516556,
        "rawEndTime": 1576439517481
    },
    {
        "transactionName": "flights",
        "rawStartTime": 1576439522618,
        "rawEndTime": 1576439522938
    },
    {
        "transactionName": "find_flight",
        "rawStartTime": 1576439528014,
        "rawEndTime": 1576439528404
    },
    {
        "transactionName": "Details",
        "rawStartTime": 1576439533470,
        "rawEndTime": 1576439533678
    },
    {
        "transactionName": "Home_page",
        "rawStartTime": 1576439538774,
        "rawEndTime": 1576439539086
    },
    {
        "transactionName": "log_out",
        "rawStartTime": 1576439544153,
        "rawEndTime": 1576439544417
    },
    {
        "transactionName": "Denver_to_Zurich",
        "rawStartTime": 1576439516508,
        "rawEndTime": 1576439544499
    }
]