<?xml version="1.0" encoding="UTF-8"?><SLA Version="1.0"><TxList><Tx>Action_Transaction</Tx><Tx>Cancel_Danver_to_London</Tx><Tx>Cancel_departure</Tx><Tx>Cancel_ticket</Tx><Tx>Choose_your_destiny</Tx><Tx>Denver_to_London</Tx><Tx>Denver_to_Los_Angeles</Tx><Tx>Denver_to_Zurich</Tx><Tx>departure_details</Tx><Tx>Details</Tx><Tx>Find_flight</Tx><Tx>flights</Tx><Tx>Flights_page</Tx><Tx>Home_page</Tx><Tx>Itinerary_page</Tx><Tx>Log_out</Tx><Tx>login</Tx><Tx>view_ticket</Tx><Tx>vuser_end_Transaction</Tx><Tx>vuser_init_Transaction</Tx></TxList><SLARules><TrackingPeriodType>Default</TrackingPeriodType><TrackingPeriodValue></TrackingPeriodValue><TrackingPeriodTimeScale></TrackingPeriodTimeScale><RulesGroup Type="PercentileRule"><Name>Percentile Based Rules</Name><PercentileRule Name="transaction_response_time_percentile_Cancel_ticket"><Percentage>90</Percentage><Value>5</Value><Measurement>transaction_response_time_percentile</Measurement><SubMeasurement>Cancel_ticket</SubMeasurement></PercentileRule><PercentileRule Name="transaction_response_time_percentile_Find_flight"><Percentage>90</Percentage><Value>5</Value><Measurement>transaction_response_time_percentile</Measurement><SubMeasurement>Find_flight</SubMeasurement></PercentileRule><PercentileRule Name="transaction_response_time_percentile_Flights_page"><Percentage>90</Percentage><Value>5</Value><Measurement>transaction_response_time_percentile</Measurement><SubMeasurement>Flights_page</SubMeasurement></PercentileRule><PercentileRule Name="transaction_response_time_percentile_Log_out"><Percentage>90</Percentage><Value>5</Value><Measurement>transaction_response_time_percentile</Measurement><SubMeasurement>Log_out</SubMeasurement></PercentileRule><PercentileRule Name="transaction_response_time_percentile_login"><Percentage>90</Percentage><Value>5</Value><Measurement>transaction_response_time_percentile</Measurement><SubMeasurement>login</SubMeasurement></PercentileRule><PercentileRule Name="transaction_response_time_percentile_view_ticket"><Percentage>90</Percentage><Value>5</Value><Measurement>transaction_response_time_percentile</Measurement><SubMeasurement>view_ticket</SubMeasurement></PercentileRule></RulesGroup></SLARules></SLA>