{
  "FilterHeaders": [
    {
      "Header": "user-agent",
      "IncludeInScript": false
    },
    {
      "Header": "upgrade-insecure-requests",
      "IncludeInScript": true
    },
    {
      "Header": "upgrade",
      "IncludeInScript": false
    },
    {
      "Header": "sec-websocket-version",
      "IncludeInScript": true
    },
    {
      "Header": "sec-websocket-protocol",
      "IncludeInScript": true
    },
    {
      "Header": "sec-websocket-key",
      "IncludeInScript": true
    },
    {
      "Header": "sec-websocket-extensions",
      "IncludeInScript": true
    },
    {
      "Header": "pragma",
      "IncludeInScript": false
    },
    {
      "Header": "origin",
      "IncludeInScript": true
    },
    {
      "Header": "if-none-match",
      "IncludeInScript": false
    },
    {
      "Header": "if-modified-since",
      "IncludeInScript": false
    },
    {
      "Header": "dnt",
      "IncludeInScript": true
    },
    {
      "Header": "cache-control",
      "IncludeInScript": false
    },
    {
      "Header": "accept-language",
      "IncludeInScript": false
    },
    {
      "Header": "accept-encoding",
      "IncludeInScript": false
    },
    {
      "Header": "accept",
      "IncludeInScript": false
    }
  ],
  "FilterResources": [
    {
      "IsNonResource": false,
      "type": "text/plain"
    },
    {
      "IsNonResource": true,
      "type": "text/html"
    },
    {
      "IsNonResource": false,
      "type": "image/png"
    },
    {
      "IsNonResource": false,
      "type": "image/gif"
    },
    {
      "IsNonResource": true,
      "type": "application/json"
    }
  ],
  "GeneralInfo": {
    "BrowserVersion": "",
    "MaxUsedConnections": 24,
    "RecordedBrowser": "Firefox",
    "RecordingDate": "Р В РўвЂР В Р’ВµР В РЎвЂќ-12-2019",
    "RecordingDuration": 250031,
    "RecordingTimeStamp": 1576152641,
    "TotalBytesReceived": 41729,
    "TotalBytesSent": 22292,
    "TotalRequests": 45
  },
  "HostInfo": [
    {
      "DomainName": "mozilla.net",
      "Domains": [
        {
          "HTTPVersion": "HTTP/1.1",
          "IP": "13.33.18.124",
          "IncludeInScript": true,
          "Name": "snippets.cdn.mozilla.net",
          "Port": 443,
          "Requests": [
            {
              "CompressionType": "",
              "DataType": "",
              "DownloadTime": 31,
              "EventId": 218,
              "HttpStatus": 304,
              "Size": 0,
              "URL": "https://snippets.cdn.mozilla.net/us-west/bundles-pregen/Firefox/release/ru/default.json"
            },
            {
              "CompressionType": "",
              "DataType": "text/html",
              "DownloadTime": 47,
              "EventId": 216,
              "HttpStatus": 302,
              "Size": 0,
              "URL": "https://snippets.cdn.mozilla.net/6/Firefox/71.0/20191202093317/WINNT_x86-msvc/ru/release-cck-yandex/Windows_NT%2010.0/yandex/1.2/"
            }
          ],
          "SSLCipher": "",
          "SSLVersion": ""
        }
      ],
      "IncludeInScript": true
    },
    {
      "DomainName": "mozilla.com",
      "Domains": [
        {
          "HTTPVersion": "HTTP/1.1",
          "IP": "52.24.113.72",
          "IncludeInScript": true,
          "Name": "tiles.services.mozilla.com",
          "Port": 443,
          "Requests": [
            {
              "CompressionType": "",
              "DataType": "application/json",
              "DownloadTime": 235,
              "EventId": 203,
              "HttpStatus": 200,
              "Size": 0,
              "URL": "https://tiles.services.mozilla.com/v4/links/activity-stream"
            },
            {
              "CompressionType": "",
              "DataType": "application/json",
              "DownloadTime": 250,
              "EventId": 171,
              "HttpStatus": 200,
              "Size": 0,
              "URL": "https://tiles.services.mozilla.com/v3/links/ping-centre"
            }
          ],
          "SSLCipher": "ECDHE-RSA-AES128-SHA",
          "SSLVersion": "TLS1.1"
        },
        {
          "HTTPVersion": "HTTP/1.1",
          "IP": "34.218.190.17",
          "IncludeInScript": true,
          "Name": "push.services.mozilla.com",
          "Port": 443,
          "Requests": [
            {
              "CompressionType": "",
              "DataType": "",
              "DownloadTime": 218,
              "EventId": 213,
              "HttpStatus": 101,
              "Size": 0,
              "URL": "https://push.services.mozilla.com/"
            }
          ],
          "SSLCipher": "ECDHE-RSA-AES128-SHA",
          "SSLVersion": "TLS1.1"
        },
        {
          "HTTPVersion": "HTTP/1.1",
          "IP": "13.33.96.124",
          "IncludeInScript": true,
          "Name": "firefox.settings.services.mozilla.com",
          "Port": 443,
          "Requests": [
            {
              "CompressionType": "",
              "DataType": "application/json",
              "DownloadTime": 63,
              "EventId": 179,
              "HttpStatus": 200,
              "Size": 1641,
              "URL": "https://firefox.settings.services.mozilla.com/v1/"
            },
            {
              "CompressionType": "",
              "DataType": "application/json",
              "DownloadTime": 47,
              "EventId": 177,
              "HttpStatus": 200,
              "Size": 1641,
              "URL": "https://firefox.settings.services.mozilla.com/v1/"
            }
          ],
          "SSLCipher": "ECDHE-RSA-AES128-SHA",
          "SSLVersion": "TLS1.1"
        }
      ],
      "IncludeInScript": true
    },
    {
      "DomainName": "firefox.com",
      "Domains": [
        {
          "HTTPVersion": "HTTP/1.1",
          "IP": "188.43.76.40",
          "IncludeInScript": true,
          "Name": "detectportal.firefox.com",
          "Port": 80,
          "Requests": [
            {
              "CompressionType": "",
              "DataType": "text/plain",
              "DownloadTime": 16,
              "EventId": 272,
              "HttpStatus": 200,
              "Size": 8,
              "URL": "http://detectportal.firefox.com/success.txt?ipv4"
            },
            {
              "CompressionType": "",
              "DataType": "text/plain",
              "DownloadTime": 47,
              "EventId": 262,
              "HttpStatus": 200,
              "Size": 8,
              "URL": "http://detectportal.firefox.com/success.txt"
            },
            {
              "CompressionType": "",
              "DataType": "text/plain",
              "DownloadTime": 31,
              "EventId": 166,
              "HttpStatus": 200,
              "Size": 8,
              "URL": "http://detectportal.firefox.com/success.txt?ipv4"
            },
            {
              "CompressionType": "",
              "DataType": "text/plain",
              "DownloadTime": 31,
              "EventId": 146,
              "HttpStatus": 200,
              "Size": 8,
              "URL": "http://detectportal.firefox.com/success.txt"
            },
            {
              "CompressionType": "",
              "DataType": "text/plain",
              "DownloadTime": 172,
              "EventId": 137,
              "HttpStatus": 200,
              "Size": 8,
              "URL": "http://detectportal.firefox.com/success.txt"
            }
          ],
          "SSLCipher": "None",
          "SSLVersion": "None"
        }
      ],
      "IncludeInScript": true
    },
    {
      "DomainName": "127.0.0.1",
      "Domains": [
        {
          "HTTPVersion": "HTTP/1.1",
          "IP": "127.0.0.1",
          "IncludeInScript": true,
          "Name": "127.0.0.1",
          "Port": 1080,
          "Requests": [
            {
              "CompressionType": "",
              "DataType": "text/html",
              "DownloadTime": 125,
              "EventId": 356,
              "HttpStatus": 200,
              "Size": 1490,
              "URL": "http://127.0.0.1:1080/cgi-bin/nav.pl?in=home"
            },
            {
              "CompressionType": "",
              "DataType": "",
              "DownloadTime": 16,
              "EventId": 354,
              "HttpStatus": 304,
              "Size": 0,
              "URL": "http://127.0.0.1:1080/WebTours/home.html"
            },
            {
              "CompressionType": "",
              "DataType": "text/html",
              "DownloadTime": 94,
              "EventId": 349,
              "HttpStatus": 200,
              "Size": 686,
              "URL": "http://127.0.0.1:1080/cgi-bin/welcome.pl?signOff=1"
            },
            {
              "CompressionType": "",
              "DataType": "text/html",
              "DownloadTime": 125,
              "EventId": 339,
              "HttpStatus": 200,
              "Size": 918,
              "URL": "http://127.0.0.1:1080/cgi-bin/login.pl?intro=true"
            },
            {
              "CompressionType": "",
              "DataType": "text/html",
              "DownloadTime": 125,
              "EventId": 336,
              "HttpStatus": 200,
              "Size": 1482,
              "URL": "http://127.0.0.1:1080/cgi-bin/nav.pl?page=menu&in=home"
            },
            {
              "CompressionType": "",
              "DataType": "text/html",
              "DownloadTime": 94,
              "EventId": 331,
              "HttpStatus": 200,
              "Size": 596,
              "URL": "http://127.0.0.1:1080/cgi-bin/welcome.pl?page=menus"
            },
            {
              "CompressionType": "",
              "DataType": "image/gif",
              "DownloadTime": 32,
              "EventId": 324,
              "HttpStatus": 200,
              "Size": 806,
              "URL": "http://127.0.0.1:1080/WebTours/images/bookanother.gif"
            },
            {
              "CompressionType": "",
              "DataType": "text/html",
              "DownloadTime": 109,
              "EventId": 321,
              "HttpStatus": 200,
              "Size": 2470,
              "URL": "http://127.0.0.1:1080/cgi-bin/reservations.pl"
            },
            {
              "CompressionType": "",
              "DataType": "text/html",
              "DownloadTime": 110,
              "EventId": 313,
              "HttpStatus": 200,
              "Size": 2699,
              "URL": "http://127.0.0.1:1080/cgi-bin/reservations.pl"
            },
            {
              "CompressionType": "",
              "DataType": "text/html",
              "DownloadTime": 219,
              "EventId": 305,
              "HttpStatus": 200,
              "Size": 2437,
              "URL": "http://127.0.0.1:1080/cgi-bin/reservations.pl"
            },
            {
              "CompressionType": "",
              "DataType": "image/gif",
              "DownloadTime": 31,
              "EventId": 296,
              "HttpStatus": 200,
              "Size": 758,
              "URL": "http://127.0.0.1:1080/WebTours/images/button_next.gif"
            },
            {
              "CompressionType": "",
              "DataType": "image/gif",
              "DownloadTime": 15,
              "EventId": 293,
              "HttpStatus": 200,
              "Size": 688,
              "URL": "http://127.0.0.1:1080/WebTours/images/home.gif"
            },
            {
              "CompressionType": "",
              "DataType": "text/html",
              "DownloadTime": 172,
              "EventId": 291,
              "HttpStatus": 200,
              "Size": 4246,
              "URL": "http://127.0.0.1:1080/cgi-bin/reservations.pl?page=welcome"
            },
            {
              "CompressionType": "",
              "DataType": "image/gif",
              "DownloadTime": 32,
              "EventId": 289,
              "HttpStatus": 200,
              "Size": 726,
              "URL": "http://127.0.0.1:1080/WebTours/images/in_flights.gif"
            },
            {
              "CompressionType": "",
              "DataType": "text/html",
              "DownloadTime": 125,
              "EventId": 283,
              "HttpStatus": 200,
              "Size": 1482,
              "URL": "http://127.0.0.1:1080/cgi-bin/nav.pl?page=menu&in=flights"
            },
            {
              "CompressionType": "",
              "DataType": "text/html",
              "DownloadTime": 78,
              "EventId": 278,
              "HttpStatus": 200,
              "Size": 616,
              "URL": "http://127.0.0.1:1080/cgi-bin/welcome.pl?page=search"
            },
            {
              "CompressionType": "",
              "DataType": "image/gif",
              "DownloadTime": 15,
              "EventId": 242,
              "HttpStatus": 200,
              "Size": 751,
              "URL": "http://127.0.0.1:1080/WebTours/images/signoff.gif"
            },
            {
              "CompressionType": "",
              "DataType": "image/gif",
              "DownloadTime": 15,
              "EventId": 240,
              "HttpStatus": 200,
              "Size": 688,
              "URL": "http://127.0.0.1:1080/WebTours/images/in_home.gif"
            },
            {
              "CompressionType": "",
              "DataType": "image/gif",
              "DownloadTime": 16,
              "EventId": 236,
              "HttpStatus": 200,
              "Size": 733,
              "URL": "http://127.0.0.1:1080/WebTours/images/itinerary.gif"
            },
            {
              "CompressionType": "",
              "DataType": "image/gif",
              "DownloadTime": 31,
              "EventId": 234,
              "HttpStatus": 200,
              "Size": 726,
              "URL": "http://127.0.0.1:1080/WebTours/images/flights.gif"
            },
            {
              "CompressionType": "",
              "DataType": "text/html",
              "DownloadTime": 125,
              "EventId": 231,
              "HttpStatus": 200,
              "Size": 918,
              "URL": "http://127.0.0.1:1080/cgi-bin/login.pl?intro=true"
            },
            {
              "CompressionType": "",
              "DataType": "text/html",
              "DownloadTime": 140,
              "EventId": 228,
              "HttpStatus": 200,
              "Size": 1482,
              "URL": "http://127.0.0.1:1080/cgi-bin/nav.pl?page=menu&in=home"
            },
            {
              "CompressionType": "",
              "DataType": "text/html",
              "DownloadTime": 110,
              "EventId": 223,
              "HttpStatus": 200,
              "Size": 481,
              "URL": "http://127.0.0.1:1080/cgi-bin/login.pl"
            },
            {
              "CompressionType": "",
              "DataType": "image/gif",
              "DownloadTime": 47,
              "EventId": 36,
              "HttpStatus": 200,
              "Size": 679,
              "URL": "http://127.0.0.1:1080/WebTours/images/mer_login.gif"
            },
            {
              "CompressionType": "",
              "DataType": "text/html",
              "DownloadTime": 156,
              "EventId": 33,
              "HttpStatus": 200,
              "Size": 1490,
              "URL": "http://127.0.0.1:1080/cgi-bin/nav.pl?in=home"
            },
            {
              "CompressionType": "",
              "DataType": "text/html",
              "DownloadTime": 31,
              "EventId": 31,
              "HttpStatus": 200,
              "Size": 1361,
              "URL": "http://127.0.0.1:1080/WebTours/home.html"
            },
            {
              "CompressionType": "",
              "DataType": "text/html",
              "DownloadTime": 375,
              "EventId": 28,
              "HttpStatus": 200,
              "Size": 686,
              "URL": "http://127.0.0.1:1080/cgi-bin/welcome.pl?signOff=true"
            },
            {
              "CompressionType": "",
              "DataType": "image/png",
              "DownloadTime": 16,
              "EventId": 26,
              "HttpStatus": 200,
              "Size": 4187,
              "URL": "http://127.0.0.1:1080/WebTours/images/webtours.png"
            },
            {
              "CompressionType": "",
              "DataType": "image/png",
              "DownloadTime": 16,
              "EventId": 24,
              "HttpStatus": 200,
              "Size": 601,
              "URL": "http://127.0.0.1:1080/WebTours/images/hp_logo.png"
            },
            {
              "CompressionType": "",
              "DataType": "text/html",
              "DownloadTime": 16,
              "EventId": 22,
              "HttpStatus": 404,
              "Size": 209,
              "URL": "http://127.0.0.1:1080/favicon.ico"
            },
            {
              "CompressionType": "",
              "DataType": "text/html",
              "DownloadTime": 16,
              "EventId": 17,
              "HttpStatus": 200,
              "Size": 710,
              "URL": "http://127.0.0.1:1080/WebTours/header.html"
            },
            {
              "CompressionType": "",
              "DataType": "text/html",
              "DownloadTime": 16,
              "EventId": 14,
              "HttpStatus": 200,
              "Size": 366,
              "URL": "http://127.0.0.1:1080/WebTours/"
            },
            {
              "CompressionType": "",
              "DataType": "text/html",
              "DownloadTime": 16,
              "EventId": 12,
              "HttpStatus": 301,
              "Size": 239,
              "URL": "http://127.0.0.1:1080/WebTours"
            }
          ],
          "SSLCipher": "None",
          "SSLVersion": "None"
        }
      ],
      "IncludeInScript": true
    }
  ],
  "WebSocket": {
    "IncludeInScript": false,
    "IsScriptIncludeWebSocket": true
  },
  "NumberOfCorrelations": 6
}