<SOAP-ENV:Envelope xmlns:xsi="http://www.w3.org/2001/XMLSchema-instance" xmlns:xsd="http://www.w3.org/2001/XMLSchema" xmlns:SOAP-ENC="http://schemas.xmlsoap.org/soap/encoding/" xmlns:SOAP-ENV="http://schemas.xmlsoap.org/soap/envelope/" xmlns:clr="http://schemas.microsoft.com/soap/encoding/clr/1.0" SOAP-ENV:encodingStyle="http://schemas.xmlsoap.org/soap/encoding/">
<SOAP-ENV:Body>
<a1:TSLAResultsDocument id="ref-1" xmlns:a1="http://schemas.microsoft.com/clr/nsassem/SLAResultsData/Analysis.SLA">
<m_SLARulesInfoCollection href="#ref-3"/>
<m_TrackingPeriod>5</m_TrackingPeriod>
<m_bSaved>false</m_bSaved>
<m_Title>Service Level Agreement Report</m_Title>
<Disposed_>false</Disposed_>
<TLra_Document_x002B_m_bSaved>false</TLra_Document_x002B_m_bSaved>
<TLra_Document_x002B_m_Title>Service Level Agreement Report</TLra_Document_x002B_m_Title>
<TLra_Document_x002B_Disposed_>false</TLra_Document_x002B_Disposed_>
<MarshalByRefObject_x002B___identity xsi:type="xsd:anyType" xsi:null="1"/>
</a1:TSLAResultsDocument>
<a2:ArrayList id="ref-3" xmlns:a2="http://schemas.microsoft.com/clr/ns/System.Collections">
<_items href="#ref-4"/>
<_size>6</_size>
<_version>6</_version>
</a2:ArrayList>
<SOAP-ENC:Array id="ref-4" SOAP-ENC:arrayType="xsd:anyType[8]">
<item href="#ref-5"/>
<item href="#ref-6"/>
<item href="#ref-7"/>
<item href="#ref-8"/>
<item href="#ref-9"/>
<item href="#ref-10"/>
</SOAP-ENC:Array>
<a4:SLARuleInfo id="ref-5" xmlns:a4="http://schemas.microsoft.com/clr/nsassem/SLARules/Analysis.SLA">
<m_RuleDef href="#ref-12"/>
<m_RuleData xsi:null="1"/>
<m_RuleResult xsi:null="1"/>
<m_strId>transaction_response_time_percentile_Cancel_ticket</m_strId>
<m_IsValid>false</m_IsValid>
<m_PrimaryException href="#ref-13"/>
</a4:SLARuleInfo>
<a4:SLARuleInfo id="ref-6" xmlns:a4="http://schemas.microsoft.com/clr/nsassem/SLARules/Analysis.SLA">
<m_RuleDef href="#ref-14"/>
<m_RuleData xsi:null="1"/>
<m_RuleResult xsi:null="1"/>
<m_strId>transaction_response_time_percentile_Find_flight</m_strId>
<m_IsValid>false</m_IsValid>
<m_PrimaryException href="#ref-15"/>
</a4:SLARuleInfo>
<a4:SLARuleInfo id="ref-7" xmlns:a4="http://schemas.microsoft.com/clr/nsassem/SLARules/Analysis.SLA">
<m_RuleDef href="#ref-16"/>
<m_RuleData xsi:null="1"/>
<m_RuleResult xsi:null="1"/>
<m_strId>transaction_response_time_percentile_Flights_page</m_strId>
<m_IsValid>false</m_IsValid>
<m_PrimaryException href="#ref-17"/>
</a4:SLARuleInfo>
<a4:SLARuleInfo id="ref-8" xmlns:a4="http://schemas.microsoft.com/clr/nsassem/SLARules/Analysis.SLA">
<m_RuleDef href="#ref-18"/>
<m_RuleData xsi:null="1"/>
<m_RuleResult xsi:null="1"/>
<m_strId>transaction_response_time_percentile_Log_out</m_strId>
<m_IsValid>false</m_IsValid>
<m_PrimaryException href="#ref-19"/>
</a4:SLARuleInfo>
<a4:SLARuleInfo id="ref-9" xmlns:a4="http://schemas.microsoft.com/clr/nsassem/SLARules/Analysis.SLA">
<m_RuleDef href="#ref-20"/>
<m_RuleData xsi:null="1"/>
<m_RuleResult xsi:null="1"/>
<m_strId>transaction_response_time_percentile_login</m_strId>
<m_IsValid>false</m_IsValid>
<m_PrimaryException href="#ref-21"/>
</a4:SLARuleInfo>
<a4:SLARuleInfo id="ref-10" xmlns:a4="http://schemas.microsoft.com/clr/nsassem/SLARules/Analysis.SLA">
<m_RuleDef href="#ref-22"/>
<m_RuleData xsi:null="1"/>
<m_RuleResult xsi:null="1"/>
<m_strId>transaction_response_time_percentile_view_ticket</m_strId>
<m_IsValid>false</m_IsValid>
<m_PrimaryException href="#ref-23"/>
</a4:SLARuleInfo>
<a4:SLAPercentileRuleDef id="ref-12" xmlns:a4="http://schemas.microsoft.com/clr/nsassem/SLARules/Analysis.SLA">
<FSubMsrName>Cancel_ticket</FSubMsrName>
<FGoalValue>5</FGoalValue>
<FPercentage>90</FPercentage>
<m_RuleName>transaction_response_time_percentile_Cancel_ticket</m_RuleName>
<m_RuleUIName>Transaction Response Time (Percentile)</m_RuleUIName>
<m_Measurement>transaction_response_time_percentile</m_Measurement>
<m_CalcDirection>greater_than_equal</m_CalcDirection>
<SLARuleDef_x002B_m_RuleName>transaction_response_time_percentile_Cancel_ticket</SLARuleDef_x002B_m_RuleName>
<SLARuleDef_x002B_m_RuleUIName>Transaction Response Time (Percentile)</SLARuleDef_x002B_m_RuleUIName>
<SLARuleDef_x002B_m_Measurement>transaction_response_time_percentile</SLARuleDef_x002B_m_Measurement>
<SLARuleDef_x002B_m_CalcDirection>greater_than_equal</SLARuleDef_x002B_m_CalcDirection>
</a4:SLAPercentileRuleDef>
<a3:Exception id="ref-13" xmlns:a3="http://schemas.microsoft.com/clr/ns/System">
<ClassName>System.Exception</ClassName>
<Message>The required measurement data is empty. The measurement might be invalid or does not correspond with the supplied filter. Please check the required measurement and the supplied filter.</Message>
<Data xsi:null="1"/>
<InnerException xsi:null="1"/>
<HelpURL xsi:null="1"/>
<StackTraceString xsi:null="1"/>
<RemoteStackTraceString xsi:null="1"/>
<RemoteStackIndex>0</RemoteStackIndex>
<ExceptionMethod xsi:null="1"/>
<HResult>-2146233088</HResult>
<Source xsi:null="1"/>
<WatsonBuckets xsi:null="1"/>
</a3:Exception>
<a4:SLAPercentileRuleDef id="ref-14" xmlns:a4="http://schemas.microsoft.com/clr/nsassem/SLARules/Analysis.SLA">
<FSubMsrName>Find_flight</FSubMsrName>
<FGoalValue>5</FGoalValue>
<FPercentage>90</FPercentage>
<m_RuleName>transaction_response_time_percentile_Find_flight</m_RuleName>
<m_RuleUIName>Transaction Response Time (Percentile)</m_RuleUIName>
<m_Measurement>transaction_response_time_percentile</m_Measurement>
<m_CalcDirection>greater_than_equal</m_CalcDirection>
<SLARuleDef_x002B_m_RuleName>transaction_response_time_percentile_Find_flight</SLARuleDef_x002B_m_RuleName>
<SLARuleDef_x002B_m_RuleUIName>Transaction Response Time (Percentile)</SLARuleDef_x002B_m_RuleUIName>
<SLARuleDef_x002B_m_Measurement>transaction_response_time_percentile</SLARuleDef_x002B_m_Measurement>
<SLARuleDef_x002B_m_CalcDirection>greater_than_equal</SLARuleDef_x002B_m_CalcDirection>
</a4:SLAPercentileRuleDef>
<a3:Exception id="ref-15" xmlns:a3="http://schemas.microsoft.com/clr/ns/System">
<ClassName>System.Exception</ClassName>
<Message>The required measurement data is empty. The measurement might be invalid or does not correspond with the supplied filter. Please check the required measurement and the supplied filter.</Message>
<Data xsi:null="1"/>
<InnerException xsi:null="1"/>
<HelpURL xsi:null="1"/>
<StackTraceString xsi:null="1"/>
<RemoteStackTraceString xsi:null="1"/>
<RemoteStackIndex>0</RemoteStackIndex>
<ExceptionMethod xsi:null="1"/>
<HResult>-2146233088</HResult>
<Source xsi:null="1"/>
<WatsonBuckets xsi:null="1"/>
</a3:Exception>
<a4:SLAPercentileRuleDef id="ref-16" xmlns:a4="http://schemas.microsoft.com/clr/nsassem/SLARules/Analysis.SLA">
<FSubMsrName>Flights_page</FSubMsrName>
<FGoalValue>5</FGoalValue>
<FPercentage>90</FPercentage>
<m_RuleName>transaction_response_time_percentile_Flights_page</m_RuleName>
<m_RuleUIName>Transaction Response Time (Percentile)</m_RuleUIName>
<m_Measurement>transaction_response_time_percentile</m_Measurement>
<m_CalcDirection>greater_than_equal</m_CalcDirection>
<SLARuleDef_x002B_m_RuleName>transaction_response_time_percentile_Flights_page</SLARuleDef_x002B_m_RuleName>
<SLARuleDef_x002B_m_RuleUIName>Transaction Response Time (Percentile)</SLARuleDef_x002B_m_RuleUIName>
<SLARuleDef_x002B_m_Measurement>transaction_response_time_percentile</SLARuleDef_x002B_m_Measurement>
<SLARuleDef_x002B_m_CalcDirection>greater_than_equal</SLARuleDef_x002B_m_CalcDirection>
</a4:SLAPercentileRuleDef>
<a3:Exception id="ref-17" xmlns:a3="http://schemas.microsoft.com/clr/ns/System">
<ClassName>System.Exception</ClassName>
<Message>The required measurement data is empty. The measurement might be invalid or does not correspond with the supplied filter. Please check the required measurement and the supplied filter.</Message>
<Data xsi:null="1"/>
<InnerException xsi:null="1"/>
<HelpURL xsi:null="1"/>
<StackTraceString xsi:null="1"/>
<RemoteStackTraceString xsi:null="1"/>
<RemoteStackIndex>0</RemoteStackIndex>
<ExceptionMethod xsi:null="1"/>
<HResult>-2146233088</HResult>
<Source xsi:null="1"/>
<WatsonBuckets xsi:null="1"/>
</a3:Exception>
<a4:SLAPercentileRuleDef id="ref-18" xmlns:a4="http://schemas.microsoft.com/clr/nsassem/SLARules/Analysis.SLA">
<FSubMsrName>Log_out</FSubMsrName>
<FGoalValue>5</FGoalValue>
<FPercentage>90</FPercentage>
<m_RuleName>transaction_response_time_percentile_Log_out</m_RuleName>
<m_RuleUIName>Transaction Response Time (Percentile)</m_RuleUIName>
<m_Measurement>transaction_response_time_percentile</m_Measurement>
<m_CalcDirection>greater_than_equal</m_CalcDirection>
<SLARuleDef_x002B_m_RuleName>transaction_response_time_percentile_Log_out</SLARuleDef_x002B_m_RuleName>
<SLARuleDef_x002B_m_RuleUIName>Transaction Response Time (Percentile)</SLARuleDef_x002B_m_RuleUIName>
<SLARuleDef_x002B_m_Measurement>transaction_response_time_percentile</SLARuleDef_x002B_m_Measurement>
<SLARuleDef_x002B_m_CalcDirection>greater_than_equal</SLARuleDef_x002B_m_CalcDirection>
</a4:SLAPercentileRuleDef>
<a3:Exception id="ref-19" xmlns:a3="http://schemas.microsoft.com/clr/ns/System">
<ClassName>System.Exception</ClassName>
<Message>The required measurement data is empty. The measurement might be invalid or does not correspond with the supplied filter. Please check the required measurement and the supplied filter.</Message>
<Data xsi:null="1"/>
<InnerException xsi:null="1"/>
<HelpURL xsi:null="1"/>
<StackTraceString xsi:null="1"/>
<RemoteStackTraceString xsi:null="1"/>
<RemoteStackIndex>0</RemoteStackIndex>
<ExceptionMethod xsi:null="1"/>
<HResult>-2146233088</HResult>
<Source xsi:null="1"/>
<WatsonBuckets xsi:null="1"/>
</a3:Exception>
<a4:SLAPercentileRuleDef id="ref-20" xmlns:a4="http://schemas.microsoft.com/clr/nsassem/SLARules/Analysis.SLA">
<FSubMsrName>login</FSubMsrName>
<FGoalValue>5</FGoalValue>
<FPercentage>90</FPercentage>
<m_RuleName>transaction_response_time_percentile_login</m_RuleName>
<m_RuleUIName>Transaction Response Time (Percentile)</m_RuleUIName>
<m_Measurement>transaction_response_time_percentile</m_Measurement>
<m_CalcDirection>greater_than_equal</m_CalcDirection>
<SLARuleDef_x002B_m_RuleName>transaction_response_time_percentile_login</SLARuleDef_x002B_m_RuleName>
<SLARuleDef_x002B_m_RuleUIName>Transaction Response Time (Percentile)</SLARuleDef_x002B_m_RuleUIName>
<SLARuleDef_x002B_m_Measurement>transaction_response_time_percentile</SLARuleDef_x002B_m_Measurement>
<SLARuleDef_x002B_m_CalcDirection>greater_than_equal</SLARuleDef_x002B_m_CalcDirection>
</a4:SLAPercentileRuleDef>
<a3:Exception id="ref-21" xmlns:a3="http://schemas.microsoft.com/clr/ns/System">
<ClassName>System.Exception</ClassName>
<Message>The required measurement data is empty. The measurement might be invalid or does not correspond with the supplied filter. Please check the required measurement and the supplied filter.</Message>
<Data xsi:null="1"/>
<InnerException xsi:null="1"/>
<HelpURL xsi:null="1"/>
<StackTraceString xsi:null="1"/>
<RemoteStackTraceString xsi:null="1"/>
<RemoteStackIndex>0</RemoteStackIndex>
<ExceptionMethod xsi:null="1"/>
<HResult>-2146233088</HResult>
<Source xsi:null="1"/>
<WatsonBuckets xsi:null="1"/>
</a3:Exception>
<a4:SLAPercentileRuleDef id="ref-22" xmlns:a4="http://schemas.microsoft.com/clr/nsassem/SLARules/Analysis.SLA">
<FSubMsrName>view_ticket</FSubMsrName>
<FGoalValue>5</FGoalValue>
<FPercentage>90</FPercentage>
<m_RuleName>transaction_response_time_percentile_view_ticket</m_RuleName>
<m_RuleUIName>Transaction Response Time (Percentile)</m_RuleUIName>
<m_Measurement>transaction_response_time_percentile</m_Measurement>
<m_CalcDirection>greater_than_equal</m_CalcDirection>
<SLARuleDef_x002B_m_RuleName>transaction_response_time_percentile_view_ticket</SLARuleDef_x002B_m_RuleName>
<SLARuleDef_x002B_m_RuleUIName>Transaction Response Time (Percentile)</SLARuleDef_x002B_m_RuleUIName>
<SLARuleDef_x002B_m_Measurement>transaction_response_time_percentile</SLARuleDef_x002B_m_Measurement>
<SLARuleDef_x002B_m_CalcDirection>greater_than_equal</SLARuleDef_x002B_m_CalcDirection>
</a4:SLAPercentileRuleDef>
<a3:Exception id="ref-23" xmlns:a3="http://schemas.microsoft.com/clr/ns/System">
<ClassName>System.Exception</ClassName>
<Message>The required measurement data is empty. The measurement might be invalid or does not correspond with the supplied filter. Please check the required measurement and the supplied filter.</Message>
<Data xsi:null="1"/>
<InnerException xsi:null="1"/>
<HelpURL xsi:null="1"/>
<StackTraceString xsi:null="1"/>
<RemoteStackTraceString xsi:null="1"/>
<RemoteStackIndex>0</RemoteStackIndex>
<ExceptionMethod xsi:null="1"/>
<HResult>-2146233088</HResult>
<Source xsi:null="1"/>
<WatsonBuckets xsi:null="1"/>
</a3:Exception>
</SOAP-ENV:Body>
</SOAP-ENV:Envelope>
