<SOAP-ENV:Envelope xmlns:xsi="http://www.w3.org/2001/XMLSchema-instance" xmlns:xsd="http://www.w3.org/2001/XMLSchema" xmlns:SOAP-ENC="http://schemas.xmlsoap.org/soap/encoding/" xmlns:SOAP-ENV="http://schemas.xmlsoap.org/soap/envelope/" xmlns:clr="http://schemas.microsoft.com/soap/encoding/clr/1.0" SOAP-ENV:encodingStyle="http://schemas.xmlsoap.org/soap/encoding/">
<SOAP-ENV:Body>
<a1:TSLASupervisor id="ref-1" xmlns:a1="http://schemas.microsoft.com/clr/nsassem/SLASupervisor/Analysis.SLA">
<m_SLARulesInfos href="#ref-5"/>
<m_TrackingPeriodType>Default</m_TrackingPeriodType>
<m_TrackingPeriodValue>0</m_TrackingPeriodValue>
<m_TrackingPeriodTimeScale>NoTime</m_TrackingPeriodTimeScale>
<m_TrackingPeriodValueInSec>5</m_TrackingPeriodValueInSec>
<m_DataProvider href="#ref-6"/>
</a1:TSLASupervisor>
<a2:ArrayList id="ref-5" xmlns:a2="http://schemas.microsoft.com/clr/ns/System.Collections">
<_items href="#ref-7"/>
<_size>6</_size>
<_version>7</_version>
</a2:ArrayList>
<a5:TSLADataProvider id="ref-6" xmlns:a5="http://schemas.microsoft.com/clr/nsassem/SLADataProvider/Analysis.SLA">
</a5:TSLADataProvider>
<SOAP-ENC:Array id="ref-7" SOAP-ENC:arrayType="xsd:anyType[8]">
<item href="#ref-8"/>
<item href="#ref-9"/>
<item href="#ref-10"/>
<item href="#ref-11"/>
<item href="#ref-12"/>
<item href="#ref-13"/>
</SOAP-ENC:Array>
<a7:SLARuleInfo id="ref-8" xmlns:a7="http://schemas.microsoft.com/clr/nsassem/SLARules/Analysis.SLA">
<m_RuleDef href="#ref-14"/>
<m_RuleData xsi:null="1"/>
<m_RuleResult xsi:null="1"/>
<m_strId>transaction_response_time_percentile_Cancel_ticket</m_strId>
<m_IsValid>false</m_IsValid>
<m_PrimaryException href="#ref-15"/>
</a7:SLARuleInfo>
<a7:SLARuleInfo id="ref-9" xmlns:a7="http://schemas.microsoft.com/clr/nsassem/SLARules/Analysis.SLA">
<m_RuleDef href="#ref-16"/>
<m_RuleData xsi:null="1"/>
<m_RuleResult xsi:null="1"/>
<m_strId>transaction_response_time_percentile_Find_flight</m_strId>
<m_IsValid>false</m_IsValid>
<m_PrimaryException href="#ref-17"/>
</a7:SLARuleInfo>
<a7:SLARuleInfo id="ref-10" xmlns:a7="http://schemas.microsoft.com/clr/nsassem/SLARules/Analysis.SLA">
<m_RuleDef href="#ref-18"/>
<m_RuleData xsi:null="1"/>
<m_RuleResult xsi:null="1"/>
<m_strId>transaction_response_time_percentile_Flights_page</m_strId>
<m_IsValid>false</m_IsValid>
<m_PrimaryException href="#ref-19"/>
</a7:SLARuleInfo>
<a7:SLARuleInfo id="ref-11" xmlns:a7="http://schemas.microsoft.com/clr/nsassem/SLARules/Analysis.SLA">
<m_RuleDef href="#ref-20"/>
<m_RuleData xsi:null="1"/>
<m_RuleResult xsi:null="1"/>
<m_strId>transaction_response_time_percentile_Log_out</m_strId>
<m_IsValid>false</m_IsValid>
<m_PrimaryException href="#ref-21"/>
</a7:SLARuleInfo>
<a7:SLARuleInfo id="ref-12" xmlns:a7="http://schemas.microsoft.com/clr/nsassem/SLARules/Analysis.SLA">
<m_RuleDef href="#ref-22"/>
<m_RuleData xsi:null="1"/>
<m_RuleResult xsi:null="1"/>
<m_strId>transaction_response_time_percentile_login</m_strId>
<m_IsValid>false</m_IsValid>
<m_PrimaryException href="#ref-23"/>
</a7:SLARuleInfo>
<a7:SLARuleInfo id="ref-13" xmlns:a7="http://schemas.microsoft.com/clr/nsassem/SLARules/Analysis.SLA">
<m_RuleDef href="#ref-24"/>
<m_RuleData xsi:null="1"/>
<m_RuleResult xsi:null="1"/>
<m_strId>transaction_response_time_percentile_view_ticket</m_strId>
<m_IsValid>false</m_IsValid>
<m_PrimaryException href="#ref-25"/>
</a7:SLARuleInfo>
<a7:SLAPercentileRuleDef id="ref-14" xmlns:a7="http://schemas.microsoft.com/clr/nsassem/SLARules/Analysis.SLA">
<FSubMsrName>Cancel_ticket</FSubMsrName>
<FGoalValue>5</FGoalValue>
<FPercentage>90</FPercentage>
<m_RuleName>transaction_response_time_percentile_Cancel_ticket</m_RuleName>
<m_RuleUIName>Transaction Response Time (Percentile)</m_RuleUIName>
<m_Measurement>transaction_response_time_percentile</m_Measurement>
<m_CalcDirection>greater_than_equal</m_CalcDirection>
<SLARuleDef_x002B_m_RuleName>transaction_response_time_percentile_Cancel_ticket</SLARuleDef_x002B_m_RuleName>
<SLARuleDef_x002B_m_RuleUIName>Transaction Response Time (Percentile)</SLARuleDef_x002B_m_RuleUIName>
<SLARuleDef_x002B_m_Measurement>transaction_response_time_percentile</SLARuleDef_x002B_m_Measurement>
<SLARuleDef_x002B_m_CalcDirection>greater_than_equal</SLARuleDef_x002B_m_CalcDirection>
</a7:SLAPercentileRuleDef>
<a6:Exception id="ref-15" xmlns:a6="http://schemas.microsoft.com/clr/ns/System">
<ClassName>System.Exception</ClassName>
<Message>The required measurement data is empty. The measurement might be invalid or does not correspond with the supplied filter. Please check the required measurement and the supplied filter.</Message>
<Data xsi:null="1"/>
<InnerException xsi:null="1"/>
<HelpURL xsi:null="1"/>
<StackTraceString xsi:null="1"/>
<RemoteStackTraceString xsi:null="1"/>
<RemoteStackIndex>0</RemoteStackIndex>
<ExceptionMethod xsi:null="1"/>
<HResult>-2146233088</HResult>
<Source xsi:null="1"/>
<WatsonBuckets xsi:null="1"/>
</a6:Exception>
<a7:SLAPercentileRuleDef id="ref-16" xmlns:a7="http://schemas.microsoft.com/clr/nsassem/SLARules/Analysis.SLA">
<FSubMsrName>Find_flight</FSubMsrName>
<FGoalValue>5</FGoalValue>
<FPercentage>90</FPercentage>
<m_RuleName>transaction_response_time_percentile_Find_flight</m_RuleName>
<m_RuleUIName>Transaction Response Time (Percentile)</m_RuleUIName>
<m_Measurement>transaction_response_time_percentile</m_Measurement>
<m_CalcDirection>greater_than_equal</m_CalcDirection>
<SLARuleDef_x002B_m_RuleName>transaction_response_time_percentile_Find_flight</SLARuleDef_x002B_m_RuleName>
<SLARuleDef_x002B_m_RuleUIName>Transaction Response Time (Percentile)</SLARuleDef_x002B_m_RuleUIName>
<SLARuleDef_x002B_m_Measurement>transaction_response_time_percentile</SLARuleDef_x002B_m_Measurement>
<SLARuleDef_x002B_m_CalcDirection>greater_than_equal</SLARuleDef_x002B_m_CalcDirection>
</a7:SLAPercentileRuleDef>
<a6:Exception id="ref-17" xmlns:a6="http://schemas.microsoft.com/clr/ns/System">
<ClassName>System.Exception</ClassName>
<Message>The required measurement data is empty. The measurement might be invalid or does not correspond with the supplied filter. Please check the required measurement and the supplied filter.</Message>
<Data xsi:null="1"/>
<InnerException xsi:null="1"/>
<HelpURL xsi:null="1"/>
<StackTraceString xsi:null="1"/>
<RemoteStackTraceString xsi:null="1"/>
<RemoteStackIndex>0</RemoteStackIndex>
<ExceptionMethod xsi:null="1"/>
<HResult>-2146233088</HResult>
<Source xsi:null="1"/>
<WatsonBuckets xsi:null="1"/>
</a6:Exception>
<a7:SLAPercentileRuleDef id="ref-18" xmlns:a7="http://schemas.microsoft.com/clr/nsassem/SLARules/Analysis.SLA">
<FSubMsrName>Flights_page</FSubMsrName>
<FGoalValue>5</FGoalValue>
<FPercentage>90</FPercentage>
<m_RuleName>transaction_response_time_percentile_Flights_page</m_RuleName>
<m_RuleUIName>Transaction Response Time (Percentile)</m_RuleUIName>
<m_Measurement>transaction_response_time_percentile</m_Measurement>
<m_CalcDirection>greater_than_equal</m_CalcDirection>
<SLARuleDef_x002B_m_RuleName>transaction_response_time_percentile_Flights_page</SLARuleDef_x002B_m_RuleName>
<SLARuleDef_x002B_m_RuleUIName>Transaction Response Time (Percentile)</SLARuleDef_x002B_m_RuleUIName>
<SLARuleDef_x002B_m_Measurement>transaction_response_time_percentile</SLARuleDef_x002B_m_Measurement>
<SLARuleDef_x002B_m_CalcDirection>greater_than_equal</SLARuleDef_x002B_m_CalcDirection>
</a7:SLAPercentileRuleDef>
<a6:Exception id="ref-19" xmlns:a6="http://schemas.microsoft.com/clr/ns/System">
<ClassName>System.Exception</ClassName>
<Message>The required measurement data is empty. The measurement might be invalid or does not correspond with the supplied filter. Please check the required measurement and the supplied filter.</Message>
<Data xsi:null="1"/>
<InnerException xsi:null="1"/>
<HelpURL xsi:null="1"/>
<StackTraceString xsi:null="1"/>
<RemoteStackTraceString xsi:null="1"/>
<RemoteStackIndex>0</RemoteStackIndex>
<ExceptionMethod xsi:null="1"/>
<HResult>-2146233088</HResult>
<Source xsi:null="1"/>
<WatsonBuckets xsi:null="1"/>
</a6:Exception>
<a7:SLAPercentileRuleDef id="ref-20" xmlns:a7="http://schemas.microsoft.com/clr/nsassem/SLARules/Analysis.SLA">
<FSubMsrName>Log_out</FSubMsrName>
<FGoalValue>5</FGoalValue>
<FPercentage>90</FPercentage>
<m_RuleName>transaction_response_time_percentile_Log_out</m_RuleName>
<m_RuleUIName>Transaction Response Time (Percentile)</m_RuleUIName>
<m_Measurement>transaction_response_time_percentile</m_Measurement>
<m_CalcDirection>greater_than_equal</m_CalcDirection>
<SLARuleDef_x002B_m_RuleName>transaction_response_time_percentile_Log_out</SLARuleDef_x002B_m_RuleName>
<SLARuleDef_x002B_m_RuleUIName>Transaction Response Time (Percentile)</SLARuleDef_x002B_m_RuleUIName>
<SLARuleDef_x002B_m_Measurement>transaction_response_time_percentile</SLARuleDef_x002B_m_Measurement>
<SLARuleDef_x002B_m_CalcDirection>greater_than_equal</SLARuleDef_x002B_m_CalcDirection>
</a7:SLAPercentileRuleDef>
<a6:Exception id="ref-21" xmlns:a6="http://schemas.microsoft.com/clr/ns/System">
<ClassName>System.Exception</ClassName>
<Message>The required measurement data is empty. The measurement might be invalid or does not correspond with the supplied filter. Please check the required measurement and the supplied filter.</Message>
<Data xsi:null="1"/>
<InnerException xsi:null="1"/>
<HelpURL xsi:null="1"/>
<StackTraceString xsi:null="1"/>
<RemoteStackTraceString xsi:null="1"/>
<RemoteStackIndex>0</RemoteStackIndex>
<ExceptionMethod xsi:null="1"/>
<HResult>-2146233088</HResult>
<Source xsi:null="1"/>
<WatsonBuckets xsi:null="1"/>
</a6:Exception>
<a7:SLAPercentileRuleDef id="ref-22" xmlns:a7="http://schemas.microsoft.com/clr/nsassem/SLARules/Analysis.SLA">
<FSubMsrName>login</FSubMsrName>
<FGoalValue>5</FGoalValue>
<FPercentage>90</FPercentage>
<m_RuleName>transaction_response_time_percentile_login</m_RuleName>
<m_RuleUIName>Transaction Response Time (Percentile)</m_RuleUIName>
<m_Measurement>transaction_response_time_percentile</m_Measurement>
<m_CalcDirection>greater_than_equal</m_CalcDirection>
<SLARuleDef_x002B_m_RuleName>transaction_response_time_percentile_login</SLARuleDef_x002B_m_RuleName>
<SLARuleDef_x002B_m_RuleUIName>Transaction Response Time (Percentile)</SLARuleDef_x002B_m_RuleUIName>
<SLARuleDef_x002B_m_Measurement>transaction_response_time_percentile</SLARuleDef_x002B_m_Measurement>
<SLARuleDef_x002B_m_CalcDirection>greater_than_equal</SLARuleDef_x002B_m_CalcDirection>
</a7:SLAPercentileRuleDef>
<a6:Exception id="ref-23" xmlns:a6="http://schemas.microsoft.com/clr/ns/System">
<ClassName>System.Exception</ClassName>
<Message>The required measurement data is empty. The measurement might be invalid or does not correspond with the supplied filter. Please check the required measurement and the supplied filter.</Message>
<Data xsi:null="1"/>
<InnerException xsi:null="1"/>
<HelpURL xsi:null="1"/>
<StackTraceString xsi:null="1"/>
<RemoteStackTraceString xsi:null="1"/>
<RemoteStackIndex>0</RemoteStackIndex>
<ExceptionMethod xsi:null="1"/>
<HResult>-2146233088</HResult>
<Source xsi:null="1"/>
<WatsonBuckets xsi:null="1"/>
</a6:Exception>
<a7:SLAPercentileRuleDef id="ref-24" xmlns:a7="http://schemas.microsoft.com/clr/nsassem/SLARules/Analysis.SLA">
<FSubMsrName>view_ticket</FSubMsrName>
<FGoalValue>5</FGoalValue>
<FPercentage>90</FPercentage>
<m_RuleName>transaction_response_time_percentile_view_ticket</m_RuleName>
<m_RuleUIName>Transaction Response Time (Percentile)</m_RuleUIName>
<m_Measurement>transaction_response_time_percentile</m_Measurement>
<m_CalcDirection>greater_than_equal</m_CalcDirection>
<SLARuleDef_x002B_m_RuleName>transaction_response_time_percentile_view_ticket</SLARuleDef_x002B_m_RuleName>
<SLARuleDef_x002B_m_RuleUIName>Transaction Response Time (Percentile)</SLARuleDef_x002B_m_RuleUIName>
<SLARuleDef_x002B_m_Measurement>transaction_response_time_percentile</SLARuleDef_x002B_m_Measurement>
<SLARuleDef_x002B_m_CalcDirection>greater_than_equal</SLARuleDef_x002B_m_CalcDirection>
</a7:SLAPercentileRuleDef>
<a6:Exception id="ref-25" xmlns:a6="http://schemas.microsoft.com/clr/ns/System">
<ClassName>System.Exception</ClassName>
<Message>The required measurement data is empty. The measurement might be invalid or does not correspond with the supplied filter. Please check the required measurement and the supplied filter.</Message>
<Data xsi:null="1"/>
<InnerException xsi:null="1"/>
<HelpURL xsi:null="1"/>
<StackTraceString xsi:null="1"/>
<RemoteStackTraceString xsi:null="1"/>
<RemoteStackIndex>0</RemoteStackIndex>
<ExceptionMethod xsi:null="1"/>
<HResult>-2146233088</HResult>
<Source xsi:null="1"/>
<WatsonBuckets xsi:null="1"/>
</a6:Exception>
</SOAP-ENV:Body>
</SOAP-ENV:Envelope>
